the_geom,cartodb_id,the_geom_webmercator,objectid,dc_dist,psa,dispatch_date_time,dispatch_date,dispatch_time,hour,dc_key,location_block,ucr_general,text_general_code,point_x,point_y,lat,lng
NA,127508,NA,36297680,08,2,2025-05-05T04:00:00Z,2025-05-05,00:00:00,10,202508018481,2800 BLOCK NORCROSS ST,100,Homicide - Criminal,NA,NA,NA,NA
NA,127509,NA,36297681,12,2,2025-06-18T04:00:00Z,2025-06-18,00:00:00,3,202512026710,200 BLOCK S CAMAC ST,100,Homicide - Criminal,NA,NA,NA,NA
NA,127510,NA,36297682,09,1,2025-05-26T04:00:00Z,2025-05-26,00:00:00,22,202509062283,800 BLOCK LEMON HILL,100,Homicide - Criminal,NA,NA,NA,NA
NA,127511,NA,36297683,12,1,2025-12-05T05:00:00Z,2025-12-05,00:00:00,15,202512106610,2600 BLOCK MUHFIELD ST,100,Homicide - Criminal,NA,NA,NA,NA
NA,127512,NA,36297684,15,1,2025-04-05T04:00:00Z,2025-04-05,00:00:00,3,202515028892,4400 BLOCK FRANKFORD A,100,Homicide - Criminal,NA,NA,NA,NA
NA,127513,NA,36297685,14,3,2025-09-17T04:00:00Z,2025-09-17,00:00:00,1,202514067755,200 BLOCK W RITTENHOUSE,100,Homicide - Criminal,NA,NA,NA,NA
NA,127514,NA,36297686,15,1,2025-01-02T05:00:00Z,2025-01-02,00:00:00,10,202515000310,1800 BLOCK WAKELNG ST,100,Homicide - Criminal,NA,NA,NA,NA
NA,127515,NA,36297687,15,1,2025-06-13T04:00:00Z,2025-06-13,00:00:00,4,202515054256,4100 BLOCK FRANKFORD AV,100,Homicide - Criminal,NA,NA,NA,NA
NA,127516,NA,36297688,14,4,2025-10-28T04:00:00Z,2025-10-28,00:00:00,7,202514085742,1500 BLOCK WADSWORTH ST,100,Homicide - Criminal,NA,NA,NA,NA
NA,127517,NA,36297689,24,1,2025-01-14T05:00:00Z,2025-01-14,00:00:00,17,202524004024,"3300 BLOCK ""H"" ST",100,Homicide - Criminal,NA,NA,NA,NA
NA,127519,NA,36297691,24,1,2025-04-30T04:00:00Z,2025-04-30,00:00:00,9,202524037744,1500 BLOCK E LYCOMING ST,100,Homicide - Criminal,NA,NA,NA,NA
NA,127520,NA,36297692,25,3,2025-05-26T04:00:00Z,2025-05-26,00:00:00,16,202525034849,2700 BLOCK N ORKNEYST,100,Homicide - Criminal,NA,NA,NA,NA
NA,127522,NA,36297693,24,2,2025-10-11T04:00:00Z,2025-10-11,00:00:00,7,202524087954,300 BLOCK MARTHA ST,100,Homicide - Criminal,NA,NA,NA,NA
NA,127523,NA,36297694,35,3,2025-11-15T05:00:00Z,2025-11-15,00:00:00,11,202535090617,4900 BLOCK STENETON AV,100,Homicide - Criminal,NA,NA,NA,NA
NA,127525,NA,36297696,39,3,2025-01-06T05:00:00Z,2025-01-06,00:00:00,7,202539001193,3700 BLOCK W STERNER ST,100,Homicide - Criminal,NA,NA,NA,NA
NA,127526,NA,36297697,39,1,2025-02-26T05:00:00Z,2025-02-26,00:00:00,10,202539008438,KELLY MIDVALE AV,100,Homicide - Criminal,NA,NA,NA,NA
0101000020E6100000643401A552C852C070CFBF6C61FF4340,127568,0101000020110F0000DC1909916BE75FC1D5D039C4358F5241,36297733,25,3,2025-06-22T04:00:00Z,2025-06-22,00:00:00,19,202525042144,100 BLOCK W TUSCULUM ST,100,Homicide - Criminal,-75.13004422,39.99516067,39.99516066900003,-75.13004422299997
0101000020E6100000F856F3358EC952C030BED7998D004440,127745,0101000020110F00008B34659683E95FC11CE9BC9082905241,36297868,25,4,2025-04-13T04:00:00Z,2025-04-13,00:00:00,2,202525022796,3400 BLOCK GERMANTOWN AV,100,Homicide - Criminal,-75.14930486,40.00432132,40.00432131800005,-75.14930485499997
0101000020E610000028A6C06C5CC852C040EF48BA3BFF4340,127843,0101000020110F00005537E72D7CE75FC1C624C5F90B8F5241,36297946,25,3,2025-05-14T04:00:00Z,2025-05-14,00:00:00,4,202525031340,100 BLOCK W CAMBRIA ST,100,Homicide - Criminal,-75.13064116,39.99401024,39.99401024400004,-75.13064116299995
0101000020E6100000049ED8C9F4CE52C0909075C9DCFB4340,127861,0101000020110F0000DDABEC08B0F25FC17A2B31844F8B5241,36297960,19,2,2025-10-22T04:00:00Z,2025-10-22,00:00:00,19,202219039266,400 BLOCK N 57TH ST,100,Homicide - Criminal,-75.2336907,39.96767538,39.96767538300003,-75.23369070199993
0101000020E61000006C8CD99CC7C752C0C04DFA7378FF4340,127896,0101000020110F000067C92D687FE65FC1E31FBC4B4F8F5241,36297989,24,2,2025-06-23T04:00:00Z,2025-06-23,00:00:00,22,202524054518,500 BLOCK E CLEARFIELD ST,100,Homicide - Criminal,-75.12155839,39.99586344,39.99586343500005,-75.12155839199994
0101000020E6100000903EFB3170C852C04870D743E2034440,127946,0101000020110F0000F0E5E8C29DE75FC10B0DB32334945241,36298024,35,2,2025-11-14T05:00:00Z,2025-11-14,00:00:00,22,202435058088,5200 BLOCK N 5TH ST,100,Homicide - Criminal,-75.13184785,40.03034256,40.030342560000065,-75.13184785399994
0101000020E6100000AC197B5706CE52C0A8072DDA52F74340,128124,0101000020110F0000C80D53021BF15FC10DAE0F3E48865241,36298157,12,3,2025-03-03T05:00:00Z,2025-03-03,00:00:00,21,202512017894,5600 BLOCK GRAYS AV,100,Homicide - Criminal,-75.21913707,39.93221595,39.93221595000006,-75.21913706799995
0101000020E61000007C380EDD48C152C0A8A3B85724054440,128141,0101000020110F000069F0630F77DB5FC1529FEC6799955241,36298172,08,1,2025-10-11T04:00:00Z,2025-10-11,00:00:00,4,202508049200,4500 BLOCK ENFIELD AV,100,Homicide - Criminal,-75.02007224,40.04017159,40.04017159000006,-75.02007223499999
0101000020E61000007C380EDD48C152C0A8A3B85724054440,128142,0101000020110F000069F0630F77DB5FC1529FEC6799955241,36298173,08,1,2025-10-11T04:00:00Z,2025-10-11,00:00:00,4,202508049200,4500 BLOCK ENFIELD AV,100,Homicide - Criminal,-75.02007224,40.04017159,40.04017159000006,-75.02007223499999
0101000020E610000018FDA4E499CF52C0F0ABCE11C9FB4340,128151,0101000020110F0000F5AE557BC8F35FC1FF699EAA398B5241,36298182,19,2,2025-12-09T05:00:00Z,2025-12-09,00:00:00,11,202519082074,200 BLOCK N 62ND ST,100,Homicide - Criminal,-75.24376789,39.96707366,39.967073656000025,-75.24376789199994
0101000020E61000006C0B3D329BCA52C06023A83893F44340,128155,0101000020110F0000880E867C4CEB5FC1E915C1083D835241,36298186,03,3,2025-04-04T04:00:00Z,2025-04-04,00:00:00,8,202503014598,1000 BLOCK PACKER AV,100,Homicide - Criminal,-75.16572243,39.91074284,39.91074283800003,-75.16572242699993
0101000020E6100000D0E9E31BD6C152C0801248F140084440,128170,0101000020110F0000054FCFFA66DC5FC1360D9E420D995241,36298198,08,NA,2025-08-14T04:00:00Z,2025-08-14,00:00:00,6,202508037939,2700 BLOCK MANCHESTER ST,100,Homicide - Criminal,-75.02869317,40.06448189,40.064481888000046,-75.02869317299997
0101000020E61000006C47D8BAEBCD52C03879804A3CF84340,128256,0101000020110F0000006960CEEDF05FC196C317CF4A875241,36298273,12,3,2025-02-20T05:00:00Z,2025-02-20,00:00:00,3,202512013719,5200 BLOCK GREENWAY AVE,100,Homicide - Criminal,-75.21751281,39.939339940000004,39.93933993600007,-75.21751280899997
0101000020E6100000543DC147A2CB52C0C8D87EA914FF4340,128272,0101000020110F0000DB5B745C0BED5FC14DCB22ABE08E5241,36298285,22,2,2025-01-24T05:00:00Z,2025-01-24,00:00:00,4,202322035230,2400 BLOCK N CORLIES ST,100,Homicide - Criminal,-75.1817798,39.99281806,39.99281805700008,-75.18177980299998
0101000020E6100000D01E036D83C452C0B88C0BDC01074440,128274,0101000020110F000068B1350FF3E05FC1AC706A30AB975241,36298287,02,3,2025-10-11T04:00:00Z,2025-10-11,00:00:00,16,202502054154,1700 BLOCK TEESDALE ST,100,Homicide - Criminal,-75.0705216,40.05474425,40.054744249000066,-75.07052159599994
0101000020E610000094B5648DAECA52C0D08190BF43014440,128326,0101000020110F0000465B5A5D6DEB5FC117B7AF874C915241,36298322,39,2,2025-09-16T04:00:00Z,2025-09-16,00:00:00,10,202539069150,2300 BLOCK HUNTING PARK AV,100,Homicide - Criminal,-75.16690383,40.00988001,40.00988001400003,-75.16690382799999
0101000020E6100000C8C2B31183CA52C06820D65560FE4340,128361,0101000020110F0000B0260E8123EB5FC12650B9C5188E5241,36298348,22,1,2025-12-27T05:00:00Z,2025-12-27,00:00:00,17,202522099848,1900 BLOCK W SUSQUEHANNA AV,100,Homicide - Criminal,-75.16424983,39.98731492,39.987314920000074,-75.16424982599995
0101000020E6100000343AAFFDF9C752C0F82CE68C8D024440,128501,0101000020110F00002717C0FAD4E65FC1366E7D41BA925241,36298467,25,2,2025-09-07T04:00:00Z,2025-09-07,00:00:00,20,202525061790,100 BLOCK E COURTLAND ST,100,Homicide - Criminal,-75.12463324,40.01994478,40.019944775000056,-75.12463323699995
0101000020E610000090692DFFD3CB52C0805758FEE9FD4340,128530,0101000020110F00003A3143CF5FED5FC1E02CC298958D5241,36298490,22,4,2025-09-16T04:00:00Z,2025-09-16,00:00:00,0,202522069626,3100 BLOCK W MONTGOMERY AV,100,Homicide - Criminal,-75.18481426,39.98370342,39.983703416000026,-75.18481425699997
0101000020E61000005C143837B8C952C07074DE3102044440,128598,0101000020110F0000FB6BE7EFCAE95FC190B3328E57945241,36298542,35,3,2025-05-15T04:00:00Z,2025-05-15,00:00:00,18,202535037017,1700 BLOCK LINDLEY AV,100,Homicide - Criminal,-75.15186863,40.03131698,40.03131698000004,-75.15186863399998
0101000020E610000084A19B1E70CA52C0D0D5A59F20FF4340,128664,0101000020110F000024C8FB5003EB5FC1BF5DBEEDED8E5241,36298596,22,1,2025-07-07T04:00:00Z,2025-07-07,00:00:00,21,202522046946,1900 BLOCK MARGIE ST,100,Homicide - Criminal,-75.16309324,39.99318309,39.993183094000074,-75.16309323499996
0101000020E61000002446E3119BC652C0704A838C94054440,128681,0101000020110F00004D109CE780E45FC10B8829E215965241,36298611,02,2,2025-08-08T04:00:00Z,2025-08-08,00:00:00,23,202502040705,500 BLOCK ALCOTT ST,100,Homicide - Criminal,-75.10321471,40.04359585,40.04359585200007,-75.10321471399999
0101000020E6100000D0CBB0D055CF52C0F00D313D65F94340,129133,0101000020110F0000CC8733D854F35FC1E4AC86C293885241,36298979,18,1,2025-09-13T04:00:00Z,2025-09-13,00:00:00,23,202518049875,5800 BLOCK MONTROSE ST,100,Homicide - Criminal,-75.23961274,39.94840207,39.94840207000004,-75.23961274399994
0101000020E61000004C0FD758CCC852C0E0941A90B3054440,129193,0101000020110F0000A76A5B4A3AE85FC1F673564A38965241,36299027,35,1,2025-08-24T04:00:00Z,2025-08-24,00:00:00,1,202535066925,6000 BLOCK WARNOCK ST,100,Homicide - Criminal,-75.13747235,40.04454233,40.044542325000066,-75.13747235299996
0101000020E6100000F080700D45C852C0505C8F0E44004440,129249,0101000020110F00005BD3A47A54E75FC16163460631905241,36299076,25,3,2025-05-13T04:00:00Z,2025-05-13,00:00:00,20,202525031286,3400 BLOCK N HOPE ST,100,Homicide - Criminal,-75.12921463,40.00207693,40.00207693100003,-75.12921462999998
0101000020E6100000F44C4ACF61C752C078293CD592FF4340,129322,0101000020110F0000A955FF7BD2E55FC189B78B8A6C8F5241,36299128,24,1,2025-01-15T05:00:00Z,2025-01-15,00:00:00,15,202524004250,800 BLOCK E ALLEGHENY AV,100,Homicide - Criminal,-75.11534483,39.99666849,39.99666848600003,-75.11534483199995
0101000020E6100000446FAC1CFEC852C020DB5C1602FF4340,129373,0101000020110F00002C0C3FD28EE85FC11F36C713CC8E5241,36299170,25,4,2025-12-31T05:00:00Z,2025-12-31,00:00:00,11,202525090202,500 BLOCK W LEHIGH AV,100,Homicide - Criminal,-75.14050977,39.9922512,39.992251201000045,-75.14050976599998
0101000020E6100000545B59BE28CA52C038F093A581094440,129391,0101000020110F0000978DB6138AEA5FC13269722E719A5241,36299179,14,1,2025-11-16T05:00:00Z,2025-11-16,00:00:00,3,202514091102,2500 BLOCK W CHELTENHAM AV,100,Homicide - Criminal,-75.15873679,40.07426901,40.074269006000065,-75.15873678899999
0101000020E610000034FA3F57E0CE52C000D5B34BD4F64340,129397,0101000020110F0000DA9E6F4D8DF25FC109270A13BC855241,36299184,12,2,2025-10-08T04:00:00Z,2025-10-08,00:00:00,3,202512058050,2100 BLOCK CEMETERY AV,100,Homicide - Criminal,-75.23244268,39.92835375,39.92835375100003,-75.23244267699994
0101000020E610000030C1874AB7C952C01028FB51CE034440,129398,0101000020110F0000BB42DD5DC9E95FC1EA706D041E945241,36299185,35,3,2025-08-24T04:00:00Z,2025-08-24,00:00:00,3,202535066932,1700 BLOCK W RUSCOMB ST,100,Homicide - Criminal,-75.1518122,40.02973389,40.02973389400006,-75.15181220299996
0101000020E6100000907C85023FC752C080514D794FFF4340,129406,0101000020110F0000B89E8E5F97E55FC11AC3B6DD218F5241,36299191,24,2,2025-08-20T04:00:00Z,2025-08-20,00:00:00,20,202524072214,3100 BLOCK JASPER ST,100,Homicide - Criminal,-75.11322082,39.99461285,39.99461284900008,-75.11322081599997
0101000020E61000009CFA6F74A1CD52C0E83BEBCC1DFC4340,129464,0101000020110F00000B017EA46FF05FC172A10C90978B5241,36299237,16,2,2025-04-03T04:00:00Z,2025-04-03,00:00:00,13,202516016077,4500 BLOCK LANCASTER AV,100,Homicide - Criminal,-75.21297942,39.96965944,39.969659438000065,-75.21297942099994
0101000020E610000004C4904153CB52C0206A267508034440,129482,0101000020110F0000A332712185EC5FC1069A849042935241,36299253,39,1,2025-12-11T05:00:00Z,2025-12-11,00:00:00,17,202539092380,500 BLOCK W QUEEN LN,100,Homicide - Criminal,-75.17695655,40.02369561,40.02369560600005,-75.17695654999994
0101000020E610000024143E3560CF52C04038F2EF1CFB4340,129498,0101000020110F0000DC986A7F66F35FC1226EF8EC7A8A5241,36299262,18,1,2025-05-28T04:00:00Z,2025-05-28,00:00:00,23,202518025942,5900 BLOCK MARKET ST,100,Homicide - Criminal,-75.24024707,39.9618206,39.96182059600005,-75.24024706899996
0101000020E6100000DCD79FC9A0CA52C088981E29EFF94340,129594,0101000020110F00009B6FE0FB55EB5FC14E037B8F2C895241,36299322,09,2,2025-10-17T04:00:00Z,2025-10-17,00:00:00,7,202509120824,1500 BLOCK MARKET ST,100,Homicide - Criminal,-75.1660637,39.9526111,39.95261110300004,-75.16606369599998
0101000020E6100000BC37C7654EC952C0887F43DB83034440,129645,0101000020110F0000DA40C33117E95FC193F90F6DCB935241,36299365,35,2,2025-12-28T05:00:00Z,2025-12-28,00:00:00,21,202535104050,1300 BLOCK W ROCKLAND ST,100,Homicide - Criminal,-75.14541001,40.02746144,40.02746144100007,-75.14541000799994
0101000020E6100000109F9EEB99CE52C060A5E92358FB4340,129784,0101000020110F0000FE1DB1AF15F25FC18A37F786BC8A5241,36299482,19,2,2025-05-21T04:00:00Z,2025-05-21,00:00:00,14,202519033773,5400 BLOCK RACE ST,100,Homicide - Criminal,-75.22814456,39.96362733,39.96362732800003,-75.22814455499997
0101000020E6100000A8CF604975C852C0A83BB78CB8FE4340,129879,0101000020110F0000EA3BDC68A6E75FC1D255D18E7A8E5241,36299563,26,1,2025-03-20T04:00:00Z,2025-03-20,00:00:00,21,202526013158,2600 BLOCK N HOWARD ST,100,Homicide - Criminal,-75.13215861,39.99000701,39.99000700900007,-75.13215860799994
0101000020E6100000F81DBA3BD3CE52C02856B32CEAF54340,129951,0101000020110F00003323BE0977F25FC10B9531CBB8845241,36299628,12,3,2025-03-19T04:00:00Z,2025-03-19,00:00:00,10,202412039455,6600 BLOCK ELMWOOD AV,100,Homicide - Criminal,-75.23164266,39.92120894,39.92120894200008,-75.23164265799994
0101000020E6100000C407DD28C9CC52C058E7C2FCE0FB4340,130048,0101000020110F0000F0404D3E00EF5FC1F359CC2B548B5241,36299690,16,1,2025-12-28T05:00:00Z,2025-12-28,00:00:00,17,202516062430,3800 BLOCK BROWN ST,100,Homicide - Criminal,-75.19977781,39.96780357,39.96780356900007,-75.19977780899995
0101000020E61000006C0E38947FC852C0E87F06C932FF4340,130056,0101000020110F0000420C67E4B7E75FC11B61EF0F028F5241,36299696,25,3,2025-03-21T04:00:00Z,2025-03-21,00:00:00,9,202525017283,2800 BLOCK N MUTTER ST,100,Homicide - Criminal,-75.1327868,39.99373734,39.99373734300008,-75.13278680299999
0101000020E6100000D4C106B385CF52C0A040395326FB4340,130068,0101000020110F000060D9372EA6F35FC111C7F553858A5241,36299703,18,1,2025-07-04T04:00:00Z,2025-07-04,00:00:00,1,202518034967,6000 BLOCK MARKET ST,100,Homicide - Criminal,-75.24253536,39.96210709,39.96210708900003,-75.24253535899999
0101000020E6100000A0E68F8F14CD52C048AB6769B0FC4340,130226,0101000020110F00009CC0E05180EF5FC139BE8E0A3A8C5241,36299825,16,1,2025-03-22T04:00:00Z,2025-03-22,00:00:00,13,202516013955,4000 BLOCK W GIRARD AV,100,Homicide - Criminal,-75.20437993,39.97413366,39.974133659000074,-75.20437993099995
0101000020E610000058447E77F7C552C0B897BEEEEC034440,130231,0101000020110F0000D3DC25026BE35FC1D01DC2F83F945241,36299830,02,1,2025-10-19T04:00:00Z,2025-10-19,00:00:00,17,202502055585,5000 BLOCK SUMMERDALE AV,100,Homicide - Criminal,-75.09322917,40.03066811,40.03066810900003,-75.09322917299994
0101000020E610000010CB2DAD46C752C05066DA70ABFF4340,130308,0101000020110F0000680A5465A4E55FC1E99585D2878F5241,36299898,24,1,2025-11-28T05:00:00Z,2025-11-28,00:00:00,16,202524102080,800 BLOCK E MADISON ST,100,Homicide - Criminal,-75.11368875,39.99741946,39.99741945900007,-75.11368874999994
0101000020E61000009C7511CFE7CA52C0A820B3DEA8F44340,130311,0101000020110F0000CC7AE39ECEEB5FC15445230155835241,36299901,03,3,2025-10-09T04:00:00Z,2025-10-09,00:00:00,18,202503050548,1300 BLOCK PACKER AV,100,Homicide - Criminal,-75.17039849,39.9114035,39.91140350100005,-75.17039848999997
0101000020E610000010B973708FC752C0203F1A6FA7024440,130342,0101000020110F0000C34DA0FD1FE65FC13B8A09F6D6925241,36299928,25,2,2025-03-19T04:00:00Z,2025-03-19,00:00:00,7,202425045576,400 BLOCK E WYOMING AV,100,Homicide - Criminal,-75.11812984,40.02073468,40.02073468000003,-75.11812983799996
0101000020E6100000B8679C0729CD52C08811253B65004440,130354,0101000020110F0000BFD1A016A3EF5FC14FCB36CE55905241,36299938,19,3,2025-05-22T04:00:00Z,2025-05-22,00:00:00,0,202519033902,3800 BLOCK CONSHOHOCKEN,100,Homicide - Criminal,-75.20562926,40.00308933,40.003089326000065,-75.20562925599995
0101000020E6100000B8D854E0DBCB52C0382A92779AFE4340,130377,0101000020110F0000CC019A316DED5FC17D53FF35598E5241,36299956,22,2,2025-11-25T05:00:00Z,2025-11-25,00:00:00,0,202522091512,2100 BLOCK N 32ND ST,100,Homicide - Criminal,-75.18529518,39.98908896,39.98908896100005,-75.18529518399998
0101000020E6100000509257E27FCE52C08095FDD920FB4340,130433,0101000020110F00006E180C76E9F15FC150DB4C437F8A5241,36300003,19,2,2025-04-02T04:00:00Z,2025-04-02,00:00:00,2,202519018709,100 BLOCK N 53RD ST,100,Homicide - Criminal,-75.22655543,39.96194005,39.96194004900008,-75.22655542899997
0101000020E610000088BAE1075FCF52C0D071233C8CF34340,130479,0101000020110F00007A5C867F64F35FC18883EFDC19825241,36300039,12,1,2025-12-31T05:00:00Z,2025-12-31,00:00:00,18,202512112943,2900 BLOCK ISLAND AV,100,Homicide - Criminal,-75.24017522,39.90271713,39.90271713000004,-75.24017521899998
0101000020E6100000A419B56F8CC552C060069233F1004440,130483,0101000020110F0000D9C0DA34B5E25FC1B0940C00F1905241,36300042,15,1,2025-12-27T05:00:00Z,2025-12-27,00:00:00,12,202515116894,4200 BLOCK TORRESDALE AV,100,Homicide - Criminal,-75.08669655,40.00736088,40.00736088400003,-75.08669655499995
0101000020E6100000A48110AA43CA52C0E0187442A8F94340,130484,0101000020110F0000C439FCCDB7EA5FC128916A02DE885241,36300043,09,4,2025-09-05T04:00:00Z,2025-09-05,00:00:00,18,202509103191,1200 BLOCK CHESTNUT ST,100,Homicide - Criminal,-75.1603799,39.95044738,39.95044737500007,-75.16037990199999
0101000020E6100000E03E4433E7C752C0809396CC1CFF4340,130510,0101000020110F00004E80C50FB5E65FC15FE662B0E98E5241,36300065,24,2,2025-06-14T04:00:00Z,2025-06-14,00:00:00,1,202524052221,400 BLOCK E CAMBRIA ST,100,Homicide - Criminal,-75.12348634,39.99306638,39.99306638100006,-75.12348634399996
0101000020E6100000C4DA56E820C552C04851B232A0024440,130551,0101000020110F0000DC83D98EFEE15FC15E9AAFEFCE925241,36300100,15,1,2025-04-26T04:00:00Z,2025-04-26,00:00:00,1,202515036548,5000 BLOCK FRANKFORD AVE,100,Homicide - Criminal,-75.08013352,40.02051386,40.02051385600003,-75.08013351899996
0101000020E6100000B0691E2035CA52C0F80CFBECE9FE4340,130598,0101000020110F000022D0E21B9FEA5FC16567F74AB18E5241,36300139,22,1,2025-05-10T04:00:00Z,2025-05-10,00:00:00,19,202522032072,2500 BLOCK CHADWICK ST,100,Homicide - Criminal,-75.15949252,39.99151385,39.99151384600003,-75.15949252099995
0101000020E61000001C274C182DCD52C088D9746C93FB4340,130599,0101000020110F000092C656FEA9EF5FC1CBF43438FE8A5241,36300140,16,2,2025-06-12T04:00:00Z,2025-06-12,00:00:00,1,202516028614,4100 BLOCK LANCASTER AVE,100,Homicide - Criminal,-75.20587737,39.96543651,39.96543651300004,-75.20587737499994
0101000020E6100000E86546056FCA52C0181B9B397EF94340,130620,0101000020110F00006E781C7301EB5FC10BEDCE70AF885241,36300157,09,4,2025-10-12T04:00:00Z,2025-10-12,00:00:00,11,202509118825,1300 BLOCK WALNUT ST,100,Homicide - Criminal,-75.16302616,39.94916458,39.94916458200004,-75.16302615999996
0101000020E61000009476C89FB8CF52C0F02F1B07D8FB4340,130632,0101000020110F0000D71276AEFCF35FC1E5BA103E4A8B5241,36300169,19,2,2025-07-13T04:00:00Z,2025-07-13,00:00:00,17,202519046475,300 BLOCK N 63RD ST,100,Homicide - Criminal,-75.24564356,39.96753014,39.96753014400008,-75.24564356399998
0101000020E6100000505E6FBE98CA52C070BD3BD91DFD4340,130660,0101000020110F000034E9225248EB5FC1D2AE3954B38C5241,36300187,22,3,2025-08-18T04:00:00Z,2025-08-18,00:00:00,21,202522060352,1500 BLOCK N GRATZ ST,100,Homicide - Criminal,-75.16557275,39.97747341,39.97747340600006,-75.16557274699994
0101000020E6100000BC1864A7ECC952C018807947D4054440,130674,0101000020110F0000DBFC350224EA5FC1E37519965C965241,36300196,35,3,2025-11-15T05:00:00Z,2025-11-15,00:00:00,0,202535091437,5900 BLOCK N LAMBERT ST,100,Homicide - Criminal,-75.15506921,40.04554075,40.045540747000075,-75.15506920599995
0101000020E61000004C838624D1C752C0203B4909EDFE4340,130712,0101000020110F000092A336988FE65FC12A1BB5BDB48E5241,36300228,24,2,2025-06-23T04:00:00Z,2025-06-23,00:00:00,3,202524054340,2800 BLOCK KENSINGTON AV,100,Homicide - Criminal,-75.12214006,39.99160877,39.99160877300005,-75.12214005599998
0101000020E610000038482C828FC752C0E8265EF60F044440,130725,0101000020110F0000271BBA1B20E65FC1E8108ED366945241,36300239,35,2,2025-12-02T05:00:00Z,2025-12-02,00:00:00,3,202535096092,300 BLOCK E SOMERVILLE AVE,100,Homicide - Criminal,-75.11813406,40.03173713,40.03173713300003,-75.11813406299996
0101000020E61000003CB4A5FA8DCA52C088FEAF2B07FD4340,130740,0101000020110F0000FB4F270936EB5FC16D03DF319A8C5241,36300252,22,3,2025-04-14T04:00:00Z,2025-04-14,00:00:00,19,202522024728,1500 BLOCK N 18TH ST,100,Homicide - Criminal,-75.16491572,39.97678133,39.97678133100004,-75.16491571599994
0101000020E61000003C8F6A3B9ACA52C0004863DDCDFD4340,130756,0101000020110F0000157445D94AEB5FC12FB9226B768D5241,36300266,22,1,2025-06-04T04:00:00Z,2025-06-04,00:00:00,15,202522039240,1900 BLOCK W BERKS ST,100,Homicide - Criminal,-75.16566358,39.982845,39.98284499500005,-75.16566357999994
0101000020E6100000B48998B497C752C0889DB98CFDFF4340,130766,0101000020110F0000FB001C082EE65FC1D98B70DAE28F5241,36300276,25,3,2025-08-24T04:00:00Z,2025-08-24,00:00:00,1,202525058009,600 BLOCK E THAYER ST,100,Homicide - Criminal,-75.11863437,39.99992522,39.99992522300005,-75.11863436599998
0101000020E6100000484E8B99BBCA52C02810AA325EFE4340,130780,0101000020110F0000E365EF8683EB5FC1B24D3267168E5241,36300289,22,1,2025-06-27T04:00:00Z,2025-06-27,00:00:00,22,202522042995,2100 BLOCK N 21ST ST,100,Homicide - Criminal,-75.16770018,39.98724969,39.987249692000034,-75.16770018199998
0101000020E6100000D8A4305C8ECF52C048142A0AC4FB4340,130806,0101000020110F0000972E4BE4B4F35FC1097BB817348B5241,36300314,19,2,2025-01-14T05:00:00Z,2025-01-14,00:00:00,19,202519003018,6100 BLOCK VINE ST,100,Homicide - Criminal,-75.24306397,39.96692016,39.96692015700006,-75.24306397199996
0101000020E610000008670B9677C652C0F069C690C6004440,130813,0101000020110F000079ABC9A144E45FC1324AD0B9C1905241,36300321,24,1,2025-05-11T04:00:00Z,2025-05-11,00:00:00,17,202524041493,3900 BLOCK M ST,100,Homicide - Criminal,-75.10104896,40.00605974,40.00605973900008,-75.10104895699999
0101000020E6100000F824A25821C952C04008C9BBD0FE4340,130814,0101000020110F000083408EABCAE85FC1856FC85D958E5241,36300322,26,1,2025-08-14T04:00:00Z,2025-08-14,00:00:00,10,202526042876,600 BLOCK W HUNTINGDON ST,100,Homicide - Criminal,-75.14266029,39.99074504,39.99074504200007,-75.14266029199996
0101000020E6100000187EDFDB6EC752C0689B2A6B5DFF4340,130916,0101000020110F0000CD3B50A6E8E55FC185E94253318F5241,36300407,24,2,2025-10-01T04:00:00Z,2025-10-01,00:00:00,20,202524084963,3000 BLOCK KENSINGTON AV,100,Homicide - Criminal,-75.11614129,39.99503841,39.99503841000006,-75.11614128899998
0101000020E6100000F4D370ABCFCD52C040E2A2F01FFC4340,130941,0101000020110F0000CC51A424BEF05FC1695D06EF998B5241,36300430,16,2,2025-03-02T05:00:00Z,2025-03-02,00:00:00,23,202516010125,900 BLOCK N 47TH ST,100,Homicide - Criminal,-75.21580015,39.96972473,39.96972473100004,-75.21580015199999
0101000020E6100000F85E6CEFEDCB52C0B8E3FCA328FF4340,130952,0101000020110F0000216D63DE8BED5FC1F72BEAD0F68E5241,36300439,22,2,2025-10-18T04:00:00Z,2025-10-18,00:00:00,20,202522080291,3300 BLOCK RIDGE AV,100,Homicide - Criminal,-75.18639742,39.99342775,39.99342775200006,-75.18639741499999
0101000020E6100000F41803F0F1C152C0706845CC13044440,130981,0101000020110F00009AFBD83F96DC5FC1827FAE146B945241,36300466,15,3,2025-10-16T04:00:00Z,2025-10-16,00:00:00,4,202515095631,4700 BLOCK SHELMIRE AV,100,Homicide - Criminal,-75.0303917,40.03185419,40.03185418500004,-75.03039169599998
0101000020E6100000F4E9EA2129CC52C0E074A2FC9BF74340,131053,0101000020110F0000C06AD26BF0ED5FC184CB183F99865241,36300530,17,2,2025-07-29T04:00:00Z,2025-07-29,00:00:00,1,202517019136,1500 BLOCK S ETTING ST,100,Homicide - Criminal,-75.19001053,39.93444784,39.934447841000065,-75.19001052799996
0101000020E6100000F4E9EA2129CC52C0E074A2FC9BF74340,131054,0101000020110F0000C06AD26BF0ED5FC184CB183F99865241,36300531,17,2,2025-07-29T04:00:00Z,2025-07-29,00:00:00,1,202517019136,1500 BLOCK S ETTING ST,100,Homicide - Criminal,-75.19001053,39.93444784,39.934447841000065,-75.19001052799996
0101000020E6100000F4E9EA2129CC52C0E074A2FC9BF74340,131055,0101000020110F0000C06AD26BF0ED5FC184CB183F99865241,36300532,17,2,2025-07-29T04:00:00Z,2025-07-29,00:00:00,1,202517019136,1500 BLOCK S ETTING ST,100,Homicide - Criminal,-75.19001053,39.93444784,39.934447841000065,-75.19001052799996
0101000020E6100000B89E80D7FBC652C05067968D59034440,131064,0101000020110F00005546164825E55FC1A005AB819C935241,36300541,15,1,2025-06-09T04:00:00Z,2025-06-09,00:00:00,16,202515052981,700 BLOCK JERICHO RD,100,Homicide - Criminal,-75.1091212,40.02617044,40.02617044300007,-75.10912120399996
0101000020E610000090B43BD431D052C0380EC9F14CFD4340,131095,0101000020110F000043FB678FCAF45FC163C4D986E78C5241,36300572,19,1,2025-05-05T04:00:00Z,2025-05-05,00:00:00,19,202519029920,900 BLOCK N 66TH ST,100,Homicide - Criminal,-75.25304132,39.97891066,39.978910659000064,-75.25304132299993
0101000020E6100000B85DB0CDC6C952C0D86F97B12C084440,131145,0101000020110F00003AE046B7E3E95FC101B523CAF6985241,36300617,14,1,2025-05-21T04:00:00Z,2025-05-21,00:00:00,23,202514039956,7100 BLOCK OGONTZ AV,100,Homicide - Criminal,-75.152759,40.06386394,40.06386394400005,-75.15275900099994
0101000020E61000005CB0C86DC3C952C0188C8294E3F64340,131216,0101000020110F0000C1E8D8FBDDE95FC150C09200CD855241,36300674,03,2,2025-02-11T05:00:00Z,2025-02-11,00:00:00,22,202503006395,400 BLOCK CROSS ST,100,Homicide - Criminal,-75.152553030000007,39.92882019,39.928820194000025,-75.15255302999998
0101000020E61000005850EC5CE9CA52C088EF8E70C0F94340,131318,0101000020110F0000B067AF42D1EB5FC14B8A57CCF8885241,36300758,09,3,2025-04-16T04:00:00Z,2025-04-16,00:00:00,2,202509044877,100 BLOCK S 18TH ST,100,Homicide - Criminal,-75.17049335,39.95118529,39.95118529300004,-75.17049334599994
0101000020E610000040AC17A603CE52C038E7493469F84340,131354,0101000020110F00006D31546F16F15FC145D94F8F7C875241,36300792,12,4,2025-12-29T05:00:00Z,2025-12-29,00:00:00,20,202412020241,1300 BLOCK S 52ND ST,100,Homicide - Criminal,-75.2189727,39.94071058,39.94071057900004,-75.21897270499994
0101000020E6100000200474F74ACA52C0C8F9FEE71FFF4340,131454,0101000020110F000009815435C4EA5FC1AA022722ED8E5241,36300867,22,1,2025-08-05T04:00:00Z,2025-08-05,00:00:00,2,202522054824,1700 BLOCK W HUNTINGDON ST,100,Homicide - Criminal,-75.1608256,39.9931612,39.99316120100008,-75.16082559899996
0101000020E6100000B09050988FCA52C0B0CC9C4768FF4340,131509,0101000020110F00003D2FCFC738EB5FC14A7CAD5D3D8F5241,36300908,39,3,2025-07-18T04:00:00Z,2025-07-18,00:00:00,0,202539053950,2000 BLOCK W LEHIGH AV,100,Homicide - Criminal,-75.16501434,39.99536987,39.99536986500004,-75.16501434199995
0101000020E610000020BFED2527CB52C0B05BA30907054440,131530,0101000020110F000094F875353AEC5FC15466A6E578955241,36300925,14,2,2025-07-03T04:00:00Z,2025-07-03,00:00:00,6,202514051967,200 BLOCK E RITTENHOUSE ST,100,Homicide - Criminal,-75.17426441,40.03927727,40.03927727200005,-75.17426441399994
0101000020E6100000C05811FBC5CE52C02091C0D0B7F64340,131550,0101000020110F00000536F88660F25FC167BB34889C855241,36300945,12,3,2025-06-12T04:00:00Z,2025-06-12,00:00:00,11,202512053418,2200 BLOCK S FELTON ST,100,Homicide - Criminal,-75.23083379,39.9274846,39.92748460200005,-75.23083378499996
0101000020E61000009CA1139D40CA52C0402B187E78FE4340,131562,0101000020110F0000481E669FB2EA5FC1243DDE8C338E5241,36300953,22,1,2025-10-19T04:00:00Z,2025-10-19,00:00:00,3,202522080410,2200 BLOCK N CHADWICK ST,100,Homicide - Criminal,-75.1601937,39.98805214,39.988052141000026,-75.16019369999998
0101000020E610000070B9036DF9CE52C078B844981CFB4340,131590,0101000020110F0000371073E9B7F25FC1C864D18B7A8A5241,36300976,19,2,2025-10-14T04:00:00Z,2025-10-14,00:00:00,18,202519066271,0 BLOCK N FRAZIER ST,100,Homicide - Criminal,-75.23397375,39.96181014,39.961810144000026,-75.23397374499996
0101000020E61000007450CB074BCA52C0C06009A1CCFE4340,131593,0101000020110F0000C4411651C4EA5FC1E9B1FED0908E5241,36300979,22,NA,2025-10-15T04:00:00Z,2025-10-15,00:00:00,17,202522079007,2400 BLOCK N COLORADO ST,100,Homicide - Criminal,-75.1608295,39.99061978,39.99061978300006,-75.16082949499997
0101000020E6100000EC45720161C852C0F88B03C92AFF4340,131640,0101000020110F0000E978D7F583E75FC180598D31F98E5241,36301025,25,3,2025-12-17T05:00:00Z,2025-12-17,00:00:00,4,202525084921,2800 BLOCK N HOPE ST,100,Homicide - Criminal,-75.13092076,39.9934932,39.993493201000035,-75.13092075499998
0101000020E61000009C0F2F85B0CB52C080E4EFAE58FE4340,131657,0101000020110F0000BB1E958C23ED5FC1B636554A108E5241,36301041,22,2,2025-02-01T05:00:00Z,2025-02-01,00:00:00,2,202522007043,3000 BLOCK PAGE ST,100,Homicide - Criminal,-75.182648940000007,39.9870814,39.98708140100007,-75.18264894099997
0101000020E6100000CCDCD16C2FC752C068A2C8FAD0FF4340,131724,0101000020110F0000E4B9A5E67CE55FC100D39270B18F5241,36301099,24,1,2025-03-07T05:00:00Z,2025-03-07,00:00:00,7,202524018822,3300 BLOCK RAND ST,100,Homicide - Criminal,-75.1122696,39.99856505,39.99856505200006,-75.11226959699997
0101000020E6100000005E1D02D2C852C0A80132CA6C004440,131735,0101000020110F00006C8D18E843E85FC1D809AC2F5E905241,36301105,25,4,2025-05-30T04:00:00Z,2025-05-30,00:00:00,1,202525035907,3400 BLOCK N 5TH ST,100,Homicide - Criminal,-75.13781789,40.00332,40.003320002000066,-75.13781788699998
0101000020E61000003CFD4B7800C952C02853678346014440,131767,0101000020110F00001CA68FD392E85FC12ECD91984F915241,36301134,25,1,2025-09-23T04:00:00Z,2025-09-23,00:00:00,11,202525066100,3800 BLOCK N FRANKLIN ST,100,Homicide - Criminal,-75.14065368,40.0099644,40.009964395000054,-75.14065368099995
0101000020E61000006097348827C952C068D8C8E5E7004440,131778,0101000020110F0000AA83692DD5E85FC19BF61FAFE6905241,36301144,25,4,2025-08-13T04:00:00Z,2025-08-13,00:00:00,5,202525055196,3600 BLOCK N 9TH ST,100,Homicide - Criminal,-75.14303785,40.00707695,40.00707695300008,-75.14303784499998
0101000020E6100000B0B45DE56CC952C0E038AD71FC014440,131805,0101000020110F0000FC7FBCFF4AE95FC1BEB64D5619925241,36301165,25,1,2025-12-24T05:00:00Z,2025-12-24,00:00:00,11,202525089091,4100 BLOCK OLD YORK RD,100,Homicide - Criminal,-75.14727148,40.01551648,40.01551648100008,-75.14727148199995
0101000020E6100000B4E792A7B5C952C02875F5DCE2024440,131869,0101000020110F0000C4803996C6E95FC1BC2BBADE18935241,36301203,35,2,2025-12-08T05:00:00Z,2025-12-08,00:00:00,15,202535097571,4500 BLOCK N 16TH ST,100,Homicide - Criminal,-75.15171232,40.02254831,40.02254831300007,-75.15171231599999
0101000020E6100000F047325A50C752C0903521EF8D024440,131886,0101000020110F000095B4CAD4B4E55FC127AA6DAEBA925241,36301216,25,2,2025-11-20T05:00:00Z,2025-11-20,00:00:00,19,202525081756,4600 BLOCK WHITAKER AV,100,Homicide - Criminal,-75.11427932,40.01995649,40.01995648500008,-75.11427931699995
0101000020E61000008C6F8CF0F8CD52C088DBAD41ACFC4340,131890,0101000020110F00000B6B8A3E04F15FC1FAABAB6F358C5241,36301220,19,3,2025-01-28T05:00:00Z,2025-01-28,00:00:00,1,202519005216,4800 BLOCK MERION AV,100,Homicide - Criminal,-75.21831907,39.97400685,39.97400685300005,-75.21831906999995
0101000020E6100000A4F17F0518C952C0C09B64D44A034440,131902,0101000020110F00002FE0C4D4BAE85FC170EA3C2D8C935241,36301231,35,2,2025-03-12T04:00:00Z,2025-03-12,00:00:00,19,202535017980,4800 BLOCK N 11TH ST,100,Homicide - Criminal,-75.14209115,40.02572112,40.02572112000007,-75.14209115499995
0101000020E6100000C851FCEF13CE52C0F8502D8574FD4340,131935,0101000020110F0000A2DF4F1A32F15FC1527DFB63138D5241,36301254,19,3,2025-05-08T04:00:00Z,2025-05-08,00:00:00,21,202519030764,5000 BLOCK PARKSIDE AV,100,Homicide - Criminal,-75.21996689,39.98011842,39.98011841500005,-75.21996688499996
0101000020E610000004ECD4D614CF52C000D34DF5F3FA4340,132003,0101000020110F0000F30AEB79E6F25FC1636CC7844D8A5241,36301313,18,1,2025-04-18T04:00:00Z,2025-04-18,00:00:00,23,202518019655,5700 BLOCK LUDLOW ST,100,Homicide - Criminal,-75.23564692,39.96057001,39.96057001400004,-75.23564692299993
0101000020E6100000D4A6303D61CF52C06021CC8A34F94340,132018,0101000020110F0000CE03C23F68F35FC1945FD4CF5D885241,36301326,18,1,2025-09-06T04:00:00Z,2025-09-06,00:00:00,23,202518048534,5800 BLOCK ALTER ST,100,Homicide - Criminal,-75.24031,39.94691596,39.94691596000007,-75.24030999899998
0101000020E61000000C823D0FD6C752C0A0B4238138054440,132031,0101000020110F0000EA6844F297E65FC1A920B2C5AF955241,36301339,35,1,2025-08-02T04:00:00Z,2025-08-02,00:00:00,6,202535060414,5900 BLOCK MASCHER ST,100,Homicide - Criminal,-75.12244016,40.04078688,40.04078687900005,-75.12244015699997
0101000020E610000088D38A1B29CD52C060AFBEC1E4FB4340,132167,0101000020110F00008BCB7B38A3EF5FC10CDF2759588B5241,36301448,16,2,2025-03-19T04:00:00Z,2025-03-19,00:00:00,20,202516013152,800 BLOCK N 41ST ST,100,Homicide - Criminal,-75.20563401,39.9679186,39.96791860400003,-75.20563400799995
0101000020E6100000B04261B5B1CA52C0B03F215905FE4340,132196,0101000020110F000027A4CCB972EB5FC18C27D2EAB38D5241,36301471,22,1,2025-08-16T04:00:00Z,2025-08-16,00:00:00,23,202522059808,2000 BLOCK N WOODSTOCK ST,100,Homicide - Criminal,-75.16709647,39.98453821,39.984538213000064,-75.16709646699996
0101000020E6100000449D329751C852C0F81BFC506BFF4340,132231,0101000020110F0000BBC0BDC669E75FC153A97ABB408F5241,36301502,25,3,2025-03-19T04:00:00Z,2025-03-19,00:00:00,18,202525017086,100 BLOCK W INDIANA AV,100,Homicide - Criminal,-75.1299799,39.99546254,39.99546253500006,-75.12997989599995
0101000020E6100000F89589B3A6CA52C0C0F0A7B9A1FF4340,132286,0101000020110F00003A0E690760EB5FC1D68A1E0D7D8F5241,36301545,39,3,2025-09-23T04:00:00Z,2025-09-23,00:00:00,10,202539071667,2800 BLOCK N VANPELT ST,100,Homicide - Criminal,-75.16642464,39.99712296,39.99712296200005,-75.16642464099994
0101000020E61000004CF2092A61CA52C048DDB6D835FD4340,132679,0101000020110F0000B40FC6E9E9EA5FC1AE1630EDCD8C5241,36301866,22,3,2025-02-18T05:00:00Z,2025-02-18,00:00:00,1,202522010841,1600 BLOCK WILLINGTON ST,100,Homicide - Criminal,-75.16218043,39.97820577,39.97820576600003,-75.16218043299995
0101000020E6100000A817A6636CC552C0F08486B4FC014440,132754,0101000020110F000062746FC57EE25FC1243F6FA019925241,36301928,15,1,2025-01-28T05:00:00Z,2025-01-28,00:00:00,22,202515006968,4600 BLOCK FRANKFORD AVE,100,Homicide - Criminal,-75.08474055,40.01552445,40.015524450000044,-75.08474055499994
0101000020E6100000CC8F45EE77CE52C03038260582FA4340,132761,0101000020110F0000BFAD93F3DBF15FC191290646CF895241,36301935,18,2,2025-11-01T04:00:00Z,2025-11-01,00:00:00,11,202518060146,5200 BLOCK WALNUT ST,100,Homicide - Criminal,-75.22606999,39.9570929,39.95709289900003,-75.22606999199996
0101000020E6100000BCDBA3D4F1CE52C07021BB84A3F94340,132763,0101000020110F00008FD7BB02ABF25FC1D57BC2C1D8885241,36301937,18,1,2025-07-26T04:00:00Z,2025-07-26,00:00:00,21,202518039434,5500 BLOCK WALTON AV,100,Homicide - Criminal,-75.23351017,39.95030269,39.95030268800008,-75.23351016999999
0101000020E610000074FD7D24F7CE52C00025BF64F4F84340,132797,0101000020110F000053509408B4F25FC1704061BF16885241,36301969,12,4,2025-05-07T04:00:00Z,2025-05-07,00:00:00,20,202512043165,800 BLOCK S 55TH ST,100,Homicide - Criminal,-75.23383438,39.9449583,39.944958299000064,-75.23383438399998
0101000020E6100000E44D9EE253CD52C090ADAF94B6FC4340,132811,0101000020110F00000D01FDE1EBEF5FC139B6D1E0408C5241,36301979,16,2,2025-01-27T05:00:00Z,2025-01-27,00:00:00,20,202516004463,4100 BLOCK LEIDY AV,100,Homicide - Criminal,-75.20824495,39.97432192,39.97432192400004,-75.20824494799996
0101000020E6100000D4B0F5F83CCB52C018B8285F82FF4340,132827,0101000020110F0000176298475FEC5FC1429FB74A5A8F5241,36301995,22,2,2025-01-12T05:00:00Z,2025-01-12,00:00:00,4,202522002520,2600 BLOCK N 27TH ST,100,Homicide - Criminal,-75.17559647,39.99616613,39.99616612900007,-75.17559646599994
0101000020E61000002C2C39A025C952C03896635E79034440,132843,0101000020110F0000458486F0D1E85FC1B16F32CBBF935241,36302009,35,1,2025-10-06T04:00:00Z,2025-10-06,00:00:00,13,202535079935,1100 BLOCK W ROCKLAND ST,100,Homicide - Criminal,-75.1429215,40.02714138,40.02714137900006,-75.14292150099999
0101000020E610000010A6FC5F06C752C028D3210A02FF4340,132859,0101000020110F00005D56562C37E55FC1F0483806CC8E5241,36302022,24,2,2025-05-22T04:00:00Z,2025-05-22,00:00:00,0,202524043472,2000 BLOCK E ALLEGHENY AV,100,Homicide - Criminal,-75.1097641,39.99224974,39.99224974300006,-75.10976409599994
0101000020E610000018E0635F3BCB52C0A8C750974AFE4340,132861,0101000020110F0000BE6BE68F5CEC5FC127D764AB008E5241,36302024,22,2,2025-09-17T04:00:00Z,2025-09-17,00:00:00,21,202522069941,2000 BLOCK N BAMBREY ST,100,Homicide - Criminal,-75.17549882,39.98665134,39.98665133900005,-75.17549881699995
0101000020E6100000A41304ED60CD52C05827B06B01FC4340,132871,0101000020110F00003DAC970802F05FC1AE13D71C788B5241,36302033,16,2,2025-08-28T04:00:00Z,2025-08-28,00:00:00,21,202516025124,800 BLOCK BROOKLYN ST,100,Homicide - Criminal,-75.20904088,39.96879336,39.96879335500006,-75.20904088399999
0101000020E61000008C7EB51C08C752C098885F3AF8FE4340,132873,0101000020110F0000E20EBE1F3AE55FC19648CC25C18E5241,36302034,24,2,2025-09-24T04:00:00Z,2025-09-24,00:00:00,10,202524081885,3100 BLOCK AMBER ST,100,Homicide - Criminal,-75.10987013,39.99195032,39.99195031800008,-75.10987012599998
0101000020E61000006C63F33E7CC852C0A8FD0BAEC0FF4340,132964,0101000020110F0000E9620A3BB2E75FC1FF25725E9F8F5241,36302112,25,3,2025-02-12T05:00:00Z,2025-02-12,00:00:00,22,202525008974,100 BLOCK W LIPPINCOTT ST,100,Homicide - Criminal,-75.13258337,39.99806762,39.998067623000054,-75.13258336799998
0101000020E610000098C4025AD8CA52C0A84B65759EFF4340,132983,0101000020110F000043AD6D5DB4EB5FC1F6F6026E798F5241,36302130,39,3,2025-02-26T05:00:00Z,2025-02-26,00:00:00,12,202539012850,2700 BLOCK N BONSALL ST,100,Homicide - Criminal,-75.16945505,39.99702327,39.997023272000035,-75.16945505399997
0101000020E6100000E8AB2010ACCB52C03095EBCB64F64340,133041,0101000020110F0000983A62FA1BED5FC16942F89640855241,36302182,01,1,2025-12-17T05:00:00Z,2025-12-17,00:00:00,21,202501033407,2100 BLOCK S BEECHWOOD ST,100,Homicide - Criminal,-75.18237689,39.92495107,39.92495106700005,-75.18237689199998
0101000020E61000000057F5C99CCB52C0B865C110AE054440,133141,0101000020110F00002D57910802ED5FC1FD87043132965241,36302266,14,2,2025-08-11T04:00:00Z,2025-08-11,00:00:00,19,202514063545,6300 BLOCK GERMANTOWN AV,100,Homicide - Criminal,-75.18144463,40.04437456,40.04437455600004,-75.18144463499993
0101000020E6100000C892ADEC6AC952C058BEFFADE9004440,133144,0101000020110F0000E11279A647E95FC1F07FF9A8E8905241,36302268,25,4,2025-05-05T04:00:00Z,2025-05-05,00:00:00,7,202525028670,1100 BLOCK W VENANGO ST,100,Homicide - Criminal,-75.14715116,40.00713134,40.00713133800008,-75.14715115499996
0101000020E61000001C7924B49EC752C060F8D54A18004440,133212,0101000020110F0000A74A3BEB39E65FC1F45EA48000905241,36302322,25,3,2025-12-03T05:00:00Z,2025-12-03,00:00:00,13,202525084492,3400 BLOCK HARTVILLE ST,100,Homicide - Criminal,-75.1190615,40.00074134,40.00074134300007,-75.11906150399994
0101000020E6100000AC60A12A34CA52C0C8A9EB5DF7FC4340,133255,0101000020110F00005A32E67A9DEA5FC19F64F0AD888C5241,36302358,22,3,2025-02-06T05:00:00Z,2025-02-06,00:00:00,23,202522008435,1500 BLOCK N CARLISLE ST,100,Homicide - Criminal,-75.15943399,39.97629904,39.97629903800003,-75.15943399199995
0101000020E6100000CCC92FDC29CC52C07097EEFC82F64340,133273,0101000020110F000081F937A8F1ED5FC14F40A60662855241,36302374,01,1,2025-05-22T04:00:00Z,2025-05-22,00:00:00,17,202501014143,2100 BLOCK BAILEY TER,100,Homicide - Criminal,-75.19005494,39.92587244,39.925872437000066,-75.19005493799995
0101000020E6100000AC6C1E3B13C852C0682D4B2F42FF4340,133289,0101000020110F0000559625DAFFE65FC10B404622138F5241,36302387,24,2,2025-09-20T04:00:00Z,2025-09-20,00:00:00,18,202524081524,2900 BLOCK B ST,100,Homicide - Criminal,-75.12617376,39.9942073,39.99420729800005,-75.12617376299994
0101000020E6100000BCFF94CCDFC852C0587CCF8A60034440,133335,0101000020110F0000CF2CF3545BE85FC1CDDA1C42A4935241,36302426,35,2,2025-05-20T04:00:00Z,2025-05-20,00:00:00,20,202535038623,4800 BLOCK N 9TH ST,100,Homicide - Criminal,-75.13865962,40.02638374,40.026383735000024,-75.13865961599998
0101000020E61000005058C03C98CC52C0B8D7FF5CDB094440,133340,0101000020110F0000A550D624ADEE5FC159EC4AC2D49A5241,36302431,14,4,2025-10-18T04:00:00Z,2025-10-18,00:00:00,22,202514079668,400 BLOCK E ABINGTON AV,100,Homicide - Criminal,-75.19679183,40.07700694,40.07700693600003,-75.19679182799996
0101000020E6100000DCFA4DB4ADCE52C0305BC732A9054440,133417,0101000020110F00009AA8914A37F25FC1333DBACA2C965241,36302498,05,2,2025-04-02T04:00:00Z,2025-04-02,00:00:00,21,202505004810,7000 BLOCK RIDGE AV,100,Homicide - Criminal,-75.22935207,40.04422602,40.04422602400007,-75.22935206999995
0101000020E610000068ABCC7348CA52C0F8E702012CF54340,133418,0101000020110F00002FFF04F0BFEA5FC173F5DD34E6835241,36302499,03,3,2025-10-20T04:00:00Z,2025-10-20,00:00:00,17,202503052456,700 BLOCK OREGON AV,100,Homicide - Criminal,-75.16067214,39.91540539,39.91540539400006,-75.16067213999997
0101000020E6100000B8EEC6E5CCC652C000F140252D044440,133423,0101000020110F0000CB6CC58AD5E45FC1C4044E3287945241,36302503,02,2,2025-02-10T05:00:00Z,2025-02-10,00:00:00,4,202502006225,700 BLOCK ADAMS AV,100,Homicide - Criminal,-75.10625595,40.03262773,40.03262773200004,-75.10625595499994
0101000020E6100000B8EEC6E5CCC652C000F140252D044440,133424,0101000020110F0000CB6CC58AD5E45FC1C4044E3287945241,36302504,02,2,2025-02-10T05:00:00Z,2025-02-10,00:00:00,4,202502006225,700 BLOCK ADAMS AV,100,Homicide - Criminal,-75.10625595,40.03262773,40.03262773200004,-75.10625595499994
0101000020E6100000A45004DB82C252C08895D5375A044440,133425,0101000020110F0000F9893D688CDD5FC1AE7E2D31B9945241,36302505,15,3,2025-06-17T04:00:00Z,2025-06-17,00:00:00,3,202515055428,7200 BLOCK WALKER ST,100,Homicide - Criminal,-75.03923679,40.03400324,40.034003238000025,-75.03923678799998
0101000020E61000001473383C62CF52C080D213AD94F44340,133431,0101000020110F0000C9E8F3F069F35FC14CBA1CA53E835241,36302510,12,1,2025-10-12T04:00:00Z,2025-10-12,00:00:00,5,202512091462,7400 BLOCK DICKS AV,100,Homicide - Criminal,-75.2403708,39.91078723,39.910787234000054,-75.24037080299996
0101000020E61000006849170002CA52C05858AD0F15F84340,133443,0101000020110F0000E7BD8D4448EA5FC1625FC25A1F875241,36302522,03,1,2025-06-21T04:00:00Z,2025-06-21,00:00:00,2,202503024202,900 BLOCK S 8TH ST,100,Homicide - Criminal,-75.15637209,39.93814274,39.93814273800007,-75.15637209199997
0101000020E610000078BB09E470CB52C058E18E8B38F74340,133469,0101000020110F00002245D477B7EC5FC14B0FF31A2B865241,36302548,17,3,2025-06-30T04:00:00Z,2025-06-30,00:00:00,10,202517018515,2000 BLOCK FERNON ST,100,Homicide - Criminal,-75.17876531,39.93141312,39.93141312100005,-75.17876530599995
0101000020E61000001447A1098DCB52C01077DD44F5FE4340,133495,0101000020110F00008B924047E7EC5FC144B30FDEBD8E5241,36302555,22,2,2025-10-06T04:00:00Z,2025-10-06,00:00:00,12,202522076343,2900 BLOCK W GORDON ST,100,Homicide - Criminal,-75.18048325,39.99186002,39.99186001600003,-75.18048325299998
0101000020E61000005CF4725EB7CC52C0B84F2D46D0FB4340,133506,0101000020110F0000ACB12B06E2EE5FC1793675A6418B5241,36302565,16,1,2025-04-17T04:00:00Z,2025-04-17,00:00:00,13,202516018752,3800 BLOCK FOLSOM ST,100,Homicide - Criminal,-75.19869195,39.96729352,39.967293522000034,-75.19869195199993
0101000020E6100000AC2C24A2F0C652C058A13681D4004440,133507,0101000020110F0000173C303E12E55FC1EE82712ED1905241,36302566,24,1,2025-05-09T04:00:00Z,2025-05-09,00:00:00,9,202524037066,3800 BLOCK PALMETTO ST,100,Homicide - Criminal,-75.10843709,40.00648513,40.00648513000005,-75.10843709499994
0101000020E61000009CDA8DFC89CE52C0E046E269A2044440,133525,0101000020110F0000E117FD9EFAF15FC106D0734609955241,36302582,05,2,2025-07-02T04:00:00Z,2025-07-02,00:00:00,15,202505000707,4800 BLOCK TIBBEN ST,100,Homicide - Criminal,-75.22717203,40.03620647,40.036206470000025,-75.22717202999996
0101000020E6100000506805F8E1CE52C078ADF4AF6CF74340,133553,0101000020110F0000E2255D1190F25FC19EBC6BDB64865241,36302609,12,2,2025-01-01T05:00:00Z,2025-01-01,00:00:00,0,202512000002,6000 BLOCK CHESTER AV,100,Homicide - Criminal,-75.23254204,39.93300437,39.93300437400006,-75.23254204299997
0101000020E610000030E64BFB48CF52C0C82985D649F54340,133568,0101000020110F000054F6A00B3FF35FC18AA3073E07845241,36302623,12,2,2025-03-28T04:00:00Z,2025-03-28,00:00:00,23,202512026710,7000 BLOCK ELMWOOD AV,100,Homicide - Criminal,-75.23882945,39.91631586,39.91631585600004,-75.23882944499996
0101000020E6100000A8338484E4CB52C0189054B101FF4340,133600,0101000020110F0000756B38DF7BED5FC1862BC7A3CB8E5241,36302649,22,2,2025-10-09T04:00:00Z,2025-10-09,00:00:00,23,202522077557,3200 BLOCK RIDGE AV,100,Homicide - Criminal,-75.18582261,39.99223916,39.99223915700003,-75.18582260999995
0101000020E610000068486A0EA1CE52C0C8321C20EF054440,133629,0101000020110F0000B51CB0CE21F25FC10D4ECE5E7A965241,36302672,05,2,2025-12-21T05:00:00Z,2025-12-21,00:00:00,10,202505021415,500 BLOCK WARTMAN ST,100,Homicide - Criminal,-75.2285801,40.04636003,40.04636002900003,-75.22858009699996
0101000020E6100000AC52388AE5C952C0505EE9F185064440,133643,0101000020110F00007FC9C4EC17EA5FC146515FB321975241,36302682,35,3,2025-02-16T05:00:00Z,2025-02-16,00:00:00,21,202535011537,6300 BLOCK N LAMBERT ST,100,Homicide - Criminal,-75.15463501,40.05096268,40.05096267600004,-75.15463500499999
0101000020E610000058B5EF7AFEC352C018761E70F8034440,133668,0101000020110F00009B3AE83C11E05FC1B775B8BB4C945241,36302705,15,2,2025-06-25T04:00:00Z,2025-06-25,00:00:00,21,202515058061,2900 BLOCK LEVICK ST,100,Homicide - Criminal,-75.06240724,40.03101923,40.03101922500008,-75.06240723999997
0101000020E6100000307FAD9443CD52C0581A29AF23004440,133677,0101000020110F0000D84C2130D0EF5FC17FECF6210D905241,36302713,19,3,2025-05-19T04:00:00Z,2025-05-19,00:00:00,18,202519033142,3900 BLOCK LANKENAU AV,100,Homicide - Criminal,-75.2072498,40.001089,40.00108899600008,-75.20724980299997
0101000020E610000030A32E3854C752C088B3902A51034440,133692,0101000020110F00001ADC6166BBE55FC1B494643493935241,36302728,25,2,2025-01-14T05:00:00Z,2025-01-14,00:00:00,7,202525002815,5000 BLOCK RORER ST,100,Homicide - Criminal,-75.11451535,40.0259145,40.02591449800008,-75.11451534799994
0101000020E61000003C71C1985BCF52C0408115EC2E094440,133742,0101000020110F0000A19C3DAA5EF35FC138782C5E159A5241,36302772,05,3,2025-03-20T04:00:00Z,2025-03-20,00:00:00,19,202505003893,800 BLOCK BELLS MILL RD,100,Homicide - Criminal,-75.23996562,40.07174445,40.071744452000075,-75.23996561899997
0101000020E610000078B8F3E300CE52C0203E66C3C1F74340,133749,0101000020110F000061D7E0BF11F15FC186BDB816C3865241,36302778,12,3,2025-06-21T04:00:00Z,2025-06-21,00:00:00,21,202512058001,1800 BLOCK S YEWDALL ST,100,Homicide - Criminal,-75.21880435,39.93560069,39.93560068600004,-75.21880434799994
0101000020E6100000C457BE0BF4C952C078C0305EC8F64340,133768,0101000020110F000043E48F9030EA5FC167D537DDAE855241,36302795,03,NA,2025-09-15T04:00:00Z,2025-09-15,00:00:00,23,202503040760,600 BLOCK MOUNTAIN ST,100,Homicide - Criminal,-75.15552038,39.92798974,39.92798974400006,-75.15552037799995
0101000020E61000004C1AFB76F8C652C02037D4A66CFD4340,133791,0101000020110F000067339C8B1FE55FC1C9F75CAB0A8D5241,36302815,24,3,2025-07-15T04:00:00Z,2025-07-15,00:00:00,2,202524061016,2900 BLOCK SALMON ST,100,Homicide - Criminal,-75.10891509,39.97987829,39.97987828600003,-75.10891508599997
0101000020E61000008CF26BA2D1C852C0F0AA65AA61004440,133793,0101000020110F000049388D4543E85FC143AE38DA51905241,36302817,25,3,2025-07-30T04:00:00Z,2025-07-30,00:00:00,3,202525012721,3400 BLOCK N 5TH ST,100,Homicide - Criminal,-75.13779507,40.00298052,40.00298051800007,-75.13779507199996
0101000020E61000004C73323E7ACA52C020F2730928FE4340,133833,0101000020110F000062F70E8314EB5FC19857215EDA8D5241,36302845,22,1,2025-01-04T05:00:00Z,2025-01-04,00:00:00,21,202422091536,1800 BLOCK W DIAMOND ST,100,Homicide - Criminal,-75.16371112,39.98559683,39.98559683000008,-75.16371111799998
0101000020E61000004C73323E7ACA52C020F2730928FE4340,133834,0101000020110F000062F70E8314EB5FC19857215EDA8D5241,36302846,22,1,2025-01-04T05:00:00Z,2025-01-04,00:00:00,21,202422091536,1800 BLOCK W DIAMOND ST,100,Homicide - Criminal,-75.16371112,39.98559683,39.98559683000008,-75.16371111799998
0101000020E6100000F8C5908F42C852C0F01620F50A054440,133844,0101000020110F00006C98263F50E75FC1CD32D73E7D955241,36302854,35,1,2025-10-25T04:00:00Z,2025-10-25,00:00:00,5,202535085403,400 BLOCK W GRANGE AV,100,Homicide - Criminal,-75.12906255,40.0393969,40.039396897000074,-75.12906254899997
0101000020E6100000F4CF750F00CA52C0984C2F4D2B014440,133960,0101000020110F0000A5F2F9F844EA5FC1067A296C31915241,36302944,39,2,2025-12-29T05:00:00Z,2025-12-29,00:00:00,20,202539097285,3600 BLOCK N 17TH ST,100,Homicide - Criminal,-75.15625369,40.00913396,40.009133957000074,-75.15625368599996
0101000020E61000002CFD20D23CC452C0C0EF985409044440,133997,0101000020110F00006C9933217BE05FC1EBB064785F945241,36302977,15,2,2025-07-03T04:00:00Z,2025-07-03,00:00:00,19,202515060996,6300 BLOCK REVERE ST,100,Homicide - Criminal,-75.06621221,40.03153474,40.031534743000066,-75.06621220799997
0101000020E6100000BC5A7E78C7CD52C0A09D608DA0FB4340,134007,0101000020110F000081705E37B0F05FC11F5287C40C8B5241,36302986,16,2,2025-02-03T05:00:00Z,2025-02-03,00:00:00,10,202516004929,700 BLOCK N 47TH ST,100,Homicide - Criminal,-75.21529972,39.96583717,39.96583716600003,-75.21529972399998
0101000020E610000030C713BDC3C952C0C899541187024440,134091,0101000020110F00006FF48882DEE95FC188090511B3925241,36303050,39,2,2025-12-17T05:00:00Z,2025-12-17,00:00:00,9,202139010804,1600 BLOCK ROWAN ST,100,Homicide - Criminal,-75.15257194,40.01974694,40.01974693900007,-75.15257193499997
0101000020E6100000A86F560070CE52C05029EFB077F74340,134202,0101000020110F00002891877BCEF15FC11046810B71865241,36303129,12,3,2025-01-16T05:00:00Z,2025-01-16,00:00:00,16,202512003688,2100 BLOCK S 58TH ST,100,Homicide - Criminal,-75.22558602,39.93334018,39.93334018400003,-75.22558601799994
0101000020E6100000CC1D6513CCC652C020FEF7D30B004440,135181,0101000020110F000033816A25D4E45FC11638F4AEF28F5241,36303874,24,1,2025-05-08T04:00:00Z,2025-05-08,00:00:00,16,202524040655,3500 BLOCK KENSINGTON AV,100,Homicide - Criminal,-75.1062058,40.00036096,40.00036096200006,-75.10620579599998
0101000020E610000044BE551BDFCE52C02837D43910FC4340,135187,0101000020110F00007998D2348BF25FC17FC8FF84888B5241,36303878,19,2,2025-02-13T05:00:00Z,2025-02-13,00:00:00,18,202519009879,600 BLOCK N 56TH ST,100,Homicide - Criminal,-75.23236736,39.96924518,39.969245175000026,-75.23236735699999
0101000020E61000000C787F0DBFCA52C088587946BEFF4340,135222,0101000020110F000098686B6489EB5FC18C94FDB39C8F5241,36303903,39,3,2025-02-03T05:00:00Z,2025-02-03,00:00:00,19,202539007539,2800 BLOCK N CROSKEY ST,100,Homicide - Criminal,-75.16791093,39.99799424,39.99799424100007,-75.16791093299997
0101000020E610000084C2D73FDECB52C0102B33AAEE054440,135257,0101000020110F00004353853971ED5FC1ABEFFDDB79965241,36303932,14,3,2025-03-30T04:00:00Z,2025-03-30,00:00:00,16,202514024681,100 BLOCK W UPSAL ST,100,Homicide - Criminal,-75.18544003,40.04634597,40.04634597300003,-75.18544002599998
0101000020E61000009C583FE742CA52C01055E104E3074440,135276,0101000020110F0000EEA41183B6EA5FC139735908A5985241,36303945,14,1,2025-09-04T04:00:00Z,2025-09-04,00:00:00,7,202514070617,1600 BLOCK E TULPEHOCKEN ST,100,Homicide - Criminal,-75.16033345,40.06161557,40.06161557200005,-75.16033345399995
0101000020E61000009C1D942309C852C0B84A48C283FE4340,135286,0101000020110F00002763BEB5EEE65FC18A6BF709408E5241,36303953,26,3,2025-05-14T04:00:00Z,2025-05-14,00:00:00,9,202526024635,1800 BLOCK E ALBERT ST,100,Homicide - Criminal,-75.1255578,39.98839596,39.98839596300007,-75.12555779899998
0101000020E610000090B9CAC421CA52C0D8107F2EC9014440,135291,0101000020110F000037BCC33A7EEA5FC168E3B77DE0915241,36303957,39,2,2025-07-26T04:00:00Z,2025-07-26,00:00:00,20,202539056478,1900 BLOCK W HUNTING PARK AV,100,Homicide - Criminal,-75.15831108,40.01395208,40.013952076000066,-75.15831107899999
0101000020E610000090B9CAC421CA52C0D8107F2EC9014440,135292,0101000020110F000037BCC33A7EEA5FC168E3B77DE0915241,36303958,39,2,2025-07-28T04:00:00Z,2025-07-28,00:00:00,20,202539056324,1900 BLOCK W HUNTING PARK AV,100,Homicide - Criminal,-75.15831108,40.01395208,40.013952076000066,-75.15831107899999
0101000020E610000090B9CAC421CA52C0D8107F2EC9014440,135293,0101000020110F000037BCC33A7EEA5FC168E3B77DE0915241,36303959,39,2,2025-07-02T04:00:00Z,2025-07-02,00:00:00,2,202539049532,1900 BLOCK W HUNTING PARK AV,100,Homicide - Criminal,-75.15831108,40.01395208,40.013952076000066,-75.15831107899999
0101000020E6100000085543783AC852C010D89EF1EE024440,135303,0101000020110F000056C4D58042E75FC1F676A64426935241,36303967,25,2,2025-05-17T04:00:00Z,2025-05-17,00:00:00,22,202525032452,200 BLOCK W MENTOR ST,100,Homicide - Criminal,-75.12856871,40.02291699,40.02291698700003,-75.12856871199995
0101000020E61000006406438040CB52C0408176A862FF4340,135318,0101000020110F00006DDAF14565EC5FC13D393A22378F5241,36303981,22,2,2025-01-09T05:00:00Z,2025-01-09,00:00:00,17,202522001623,2600 BLOCK N 27TH ST,100,Homicide - Criminal,-75.17581183,39.99519831,39.99519830500003,-75.17581182999999
0101000020E6100000D4DD50B9E8C952C01899A22430F64340,135376,0101000020110F000012834A551DEA5FC1A295494706855241,36304033,03,2,2025-02-18T05:00:00Z,2025-02-18,00:00:00,15,202503006939,2000 BLOCK S 5TH ST,100,Homicide - Criminal,-75.15482934,39.92334421,39.92334421100003,-75.15482933899995
0101000020E6100000FC33731610C952C040D56A7A96FE4340,135392,0101000020110F0000219ED35AADE85FC13A320BCA548E5241,36304046,26,1,2025-07-06T04:00:00Z,2025-07-06,00:00:00,14,202526035385,2400 BLOCK N REESE ST,100,Homicide - Criminal,-75.14160692,39.98896723,39.98896723000007,-75.14160691499995
0101000020E61000003485076052C952C06896F030DF004440,135419,0101000020110F0000F1635DF31DE95FC18AA7CA07DD905241,36304069,25,4,2025-11-19T05:00:00Z,2025-11-19,00:00:00,2,202525080781,3500 BLOCK N WARNOCK ST,100,Homicide - Criminal,-75.14565278,40.00681125,40.00681125400007,-75.14565277799994
0101000020E6100000D0A1125812CB52C0300ED5D147F84340,135428,0101000020110F0000F867F5DE16EC5FC1E5C2499457875241,36304075,17,1,2025-11-16T05:00:00Z,2025-11-16,00:00:00,1,202517033625,1000 BLOCK S 18TH ST,100,Homicide - Criminal,-75.17299463,39.93969176,39.93969176200005,-75.17299463099994
0101000020E6100000687BFD41CBCB52C05855A83B3DFE4340,135462,0101000020110F00003AC22CF750ED5FC1667FD4DCF18D5241,36304108,22,2,2025-09-30T04:00:00Z,2025-09-30,00:00:00,0,202522074234,1900 BLOCK N 31ST ST,100,Homicide - Criminal,-75.18428087,39.98624368,39.98624368400005,-75.18428086999995
0101000020E61000009879B1B1A4CA52C0C032C089D1FF4340,135489,0101000020110F00006F25989E5CEB5FC1C348130FB28F5241,36304128,39,3,2025-04-28T04:00:00Z,2025-04-28,00:00:00,6,202539030341,2100 BLOCK W CAMBRIA ST,100,Homicide - Criminal,-75.16630213,39.9985821,39.998582095000074,-75.16630213099995
0101000020E610000030D4FE5AC0C852C05069B70F99034440,135568,0101000020110F00002FC3EAEB25E85FC1E407F2F1E2935241,36304193,35,2,2025-06-07T04:00:00Z,2025-06-07,00:00:00,5,202535044105,5000 BLOCK N FRANKLIN ST,100,Homicide - Criminal,-75.13674045,40.02810856,40.028108563000046,-75.13674044499999
0101000020E6100000D41F89E0BDC252C0C00DCFEA5B034440,135579,0101000020110F0000684B47A9F0DD5FC12B98EC209F935241,36304201,15,3,2025-06-26T04:00:00Z,2025-06-26,00:00:00,7,202515058487,6900 BLOCK TORRESDALE AV,100,Homicide - Criminal,-75.04283918,40.02624259,40.02624259100003,-75.04283917799995
0101000020E6100000C0364AADE3CE52C060E280E43DF74340,135612,0101000020110F000041DF1BF892F25FC128D2270731865241,36304223,12,2,2025-01-30T05:00:00Z,2025-01-30,00:00:00,3,202512007465,6000 BLOCK ALLMAN ST,100,Homicide - Criminal,-75.2326463,39.93157631,39.93157631200006,-75.23264629599998
0101000020E61000001CCD306C4FC752C078F67667C7FF4340,135627,0101000020110F00004CDA8340B3E55FC176B2E6D2A68F5241,36304234,24,2,2025-11-20T05:00:00Z,2025-11-20,00:00:00,20,202324067507,800 BLOCK E WESTMORELAND ST,100,Homicide - Criminal,-75.11422257,39.99827283,39.998272832000055,-75.11422257199996
0101000020E6100000F00B0726BDC452C0F01D9505CD094440,135648,0101000020110F00002910751B55E15FC1530045D7C49A5241,36304250,07,1,2025-11-28T05:00:00Z,2025-11-28,00:00:00,0,202507035781,800 BLOCK EMERSON ST,100,Homicide - Criminal,-75.07404471,40.07656927,40.07656926900006,-75.07404471099994
0101000020E610000010F718DF69C952C0901127CF73F54340,135680,0101000020110F0000C53690DC45E95FC1F033F6B735845241,36304276,03,2,2025-03-02T05:00:00Z,2025-03-02,00:00:00,15,202503009225,0 BLOCK RITNER ST,100,Homicide - Criminal,-75.14708688,39.91759672,39.91759671600005,-75.14708688199994
0101000020E6100000F4678FE25FC552C070C09B66A8074440,135685,0101000020110F00006271108869E25FC1251656FC63985241,36304280,02,3,2025-11-07T05:00:00Z,2025-11-07,00:00:00,19,202502059613,7200 BLOCK OXFORD AVE,100,Homicide - Criminal,-75.08397736,40.05982669,40.059826685000075,-75.08397735599993
0101000020E6100000D061DE1386CE52C010633979B9F84340,135706,0101000020110F0000984639FBF3F15FC115FE377AD5875241,36304293,12,4,2025-10-18T04:00:00Z,2025-10-18,00:00:00,5,202512093323,1100 BLOCK S 54TH ST,100,Homicide - Criminal,-75.22693345,39.9431602,39.94316020300005,-75.22693344799995
0101000020E61000006C40F80E06CC52C0B8122B5743FC4340,135765,0101000020110F0000BCE62CD8B4ED5FC17652202AC18B5241,36304336,09,1,2025-05-26T04:00:00Z,2025-05-26,00:00:00,22,202509062283,800 BLOCK LEMON HILL DR,100,Homicide - Criminal,-75.18786978,39.97080507,39.97080506900005,-75.18786977999997
0101000020E6100000982235F734C952C018EC734088FE4340,135766,0101000020110F0000FB40E7FEEBE85FC1CCE1EC04458E5241,36304337,26,1,2025-05-09T04:00:00Z,2025-05-09,00:00:00,21,202526022344,2400 BLOCK N MARSHALL ST,100,Homicide - Criminal,-75.14385777,39.98853307,39.98853307400003,-75.14385776699999
0101000020E6100000A46AAEDF9BCB52C078F4E5904AFF4340,135770,0101000020110F0000EDE59F7A00ED5FC1053FDF6C1C8F5241,36304340,22,2,2025-06-23T04:00:00Z,2025-06-23,00:00:00,5,202522041817,2500 BLOCK N CORLIES ST,100,Homicide - Criminal,-75.18138878,39.99446307,39.994463074000066,-75.18138877899997
0101000020E6100000A46AAEDF9BCB52C078F4E5904AFF4340,135774,0101000020110F0000EDE59F7A00ED5FC1053FDF6C1C8F5241,36304341,22,2,2025-06-23T04:00:00Z,2025-06-23,00:00:00,5,202522041817,2500 BLOCK N CORLIES ST,100,Homicide - Criminal,-75.18138878,39.99446307,39.994463074000066,-75.18138877899997
0101000020E6100000A46AAEDF9BCB52C078F4E5904AFF4340,135775,0101000020110F0000EDE59F7A00ED5FC1053FDF6C1C8F5241,36304342,22,2,2025-06-23T04:00:00Z,2025-06-23,00:00:00,5,202522041817,2500 BLOCK N CORLIES ST,100,Homicide - Criminal,-75.18138878,39.99446307,39.994463074000066,-75.18138877899997
0101000020E6100000FCA83E714FCA52C07850E8137E074440,135778,0101000020110F00000F8892CFCBEA5FC13AB6A90535985241,36304345,14,1,2025-05-10T04:00:00Z,2025-05-10,00:00:00,13,202514036970,1500 BLOCK E PASTORIUS ST,100,Homicide - Criminal,-75.16109878,40.05853509,40.05853508800004,-75.16109877699995
0101000020E6100000B051470E0BCF52C0285AB8CD90F44340,135802,0101000020110F00002CBFAEDBD5F25FC167F5715B3A835241,36304361,12,1,2025-08-19T04:00:00Z,2025-08-19,00:00:00,15,202512068922,7100 BLOCK BRANT PL,100,Homicide - Criminal,-75.23504979,39.91066906,39.91066905500003,-75.23504979099994
0101000020E610000020DFDF7FCFC852C0E0CF1A9DA2FF4340,135805,0101000020110F000079AF2FA53FE85FC1B3F746097E8F5241,36304364,25,3,2025-01-30T05:00:00Z,2025-01-30,00:00:00,16,202525006317,3000 BLOCK N LEITHGOW ST,100,Homicide - Criminal,-75.13766477,39.99715008,39.997150076000025,-75.13766476499995
0101000020E61000002078EED0FFCB52C0885096A8FEF74340,135830,0101000020110F0000A726BF3DAAED5FC12A7E258A06875241,36304382,17,2,2025-07-19T04:00:00Z,2025-07-19,00:00:00,21,202517020786,2600 BLOCK LATONA ST,100,Homicide - Criminal,-75.18748878,39.93745906,39.93745906200007,-75.18748877799999
0101000020E61000008CDC9002E8C852C02098BF897B044440,135839,0101000020110F00005387614769E85FC15F4DEE26DE945241,36304391,35,2,2025-03-12T04:00:00Z,2025-03-12,00:00:00,18,202535017979,1000 BLOCK WAGNER AV,100,Homicide - Criminal,-75.13916077,40.03502008,40.03502008300006,-75.13916076799995
0101000020E61000007829A44B6BCF52C0081C007908FB4340,135873,0101000020110F0000D1E9B85479F35FC14A90E93F648A5241,36304420,18,1,2025-05-16T04:00:00Z,2025-05-16,00:00:00,21,202518021775,5900 BLOCK LUDLOW ST,100,Homicide - Criminal,-75.2409238,39.96119607,39.961196065000024,-75.24092379599995
0101000020E61000003423045DFBC952C0A8978A8D79054440,135888,0101000020110F0000291081FE3CEA5FC1EA633CEFF7955241,36304430,35,3,2025-08-20T04:00:00Z,2025-08-20,00:00:00,0,202535065026,2100 BLOCK CONLYN ST,100,Homicide - Criminal,-75.155967,40.042772,40.04277200000007,-75.15596700099996
0101000020E61000002C23F59ECACE52C0D8E33098BFF64340,135893,0101000020110F0000804EB86868F25FC16F46BE25A5855241,36304434,12,NA,2025-07-24T04:00:00Z,2025-07-24,00:00:00,15,202512067499,2200 BLOCK S FELTON ST,100,Homicide - Criminal,-75.231117,39.927722,39.927722000000074,-75.23111699999998
0101000020E61000002C23F59ECACE52C0D8E33098BFF64340,135894,0101000020110F0000804EB86868F25FC16F46BE25A5855241,36304435,12,3,2025-05-20T04:00:00Z,2025-05-20,00:00:00,17,202512045508,2200 BLOCK S FELTON ST,100,Homicide - Criminal,-75.231117,39.927722,39.927722000000074,-75.23111699999998
0101000020E6100000ECD93A38D8C752C0A04EB2D5E5FE4340,135915,0101000020110F00000F64939D9BE65FC1587C01C2AC8E5241,36304453,24,2,2025-03-24T04:00:00Z,2025-03-24,00:00:00,23,202524024576,1800 BLOCK E SOMERSET ST,100,Homicide - Criminal,-75.122572,39.991389,39.99138900000003,-75.12257199999993
0101000020E6100000786CCB80B3C752C000DE74CB0EFF4340,135916,0101000020110F0000BE68B03F5DE65FC17345072ADA8E5241,36304454,24,2,2025-07-14T04:00:00Z,2025-07-14,00:00:00,8,202524060802,1800 BLOCK E CAMBRIA ST,100,Homicide - Criminal,-75.120331,39.992639,39.992639000000054,-75.12033099999996
